{"cameraMode":{"drawMode":0,"name":"Shaded","section":"Shading Mode"},"sceneLighting":false,"audioPlay":false,"sceneViewState":{"showFog":true,"showMaterialUpdate":false,"showSkybox":false,"showFlares":true,"showImageEffects":true,"showParticleSystems":true},"in2DMode":false,"pivot":{"x":-288.6566162109375,"y":-3.7585525512695314,"z":-338.26947021484377},"rotation":{"x":-0.055777933448553088,"y":0.0110792126506567,"z":-0.0006230465951375663,"w":-0.9983928799629211},"size":466.286376953125,"orthographic":false}