{"cameraMode":{"drawMode":0,"name":"Shaded","section":"Shading Mode"},"sceneLighting":false,"audioPlay":false,"sceneViewState":{"showFog":true,"showMaterialUpdate":false,"showSkybox":false,"showFlares":true,"showImageEffects":true,"showParticleSystems":true},"in2DMode":false,"pivot":{"x":14.376495361328125,"y":62.31456756591797,"z":0.0},"rotation":{"x":0.055913399904966357,"y":0.21689654886722566,"z":-0.012430286966264248,"w":0.9745238423347473},"size":1102.667724609375,"orthographic":false}