{"cameraMode":{"drawMode":0,"name":"Shaded","section":"Shading Mode"},"sceneLighting":true,"audioPlay":false,"sceneViewState":{"showFog":true,"showMaterialUpdate":false,"showSkybox":true,"showFlares":true,"showImageEffects":true,"showParticleSystems":true},"in2DMode":false,"pivot":{"x":8.770567893981934,"y":2.2497482299804689,"z":8.428546905517579},"rotation":{"x":0.00022710756456945091,"y":-0.999738335609436,"z":-0.019187327474355699,"w":-0.01320592500269413},"size":16.681049346923829,"orthographic":false}